,ID,Tweet
2017-12-04 21:04:57,937789845275017223,pope franci earlier today presenc god today also call rohingya
2017-12-04 21:04:51,937789823468761090,word christ grow us proclaim give other read messag pope franci gt https
2017-12-04 21:03:22,937789448254660608,pope franci greet thousand central park cbs new york
2017-12-04 21:03:16,937789424707960833,text pope latest flight press confer
2017-12-04 21:03:04,937789371708727298,dictat pope explos new book take insid look franci pope popefr tcot
2017-12-04 21:03:00,937789355976024065,text pope latest flight press confer
2017-12-04 21:01:20,937788937086652416,pope concern muslim christian surpris discuss mohammedkoran va
2017-12-04 21:01:20,937788935824080902,offici act apostol see acta apostolica sedi aa 3 7
2017-12-04 20:59:29,937788470533283840,new book expos pope franci behind close door tyrann unprincipl popefranc
2017-12-04 20:59:18,937788425213759489,fix gaze holi famili nazareth forc becom refuge let us think tragedi
2017-12-04 20:58:40,937788265213636608,pope concern muslim christian surpris discuss mohammedkoran va
2017-12-04 20:57:46,937788040784809989,gon na arrang type video confer bc peopl want need hear pope franci
2017-12-04 20:57:26,937787955506241537,sure got right glad hear see franci heret day got b
2017-12-04 20:57:19,937787924963262464,dictat pope explos new book take insid look franci pope popefr tcot
2017-12-04 20:57:14,937787905501810688,pope franci embarrass yet seek forgiv muslim refuge
2017-12-04 20:56:37,937787749159063556,icymi pope franci ask weekend caus chang church teach deterr
2017-12-04 20:55:18,937787418614185984,accept risen jesus life even u far away take small step toward await w open
2017-12-04 20:54:40,937787260468170752,pope concern muslim christian surpris discuss mohammedkoran va
2017-12-04 20:54:32,937787225454055425,pope franci peter matthew 16 18 say also unto thee thou peter upon rock
2017-12-04 20:54:09,937787128842539012,pope franci visit myanmar bangladesh display disappoint lack moral courag
2017-12-04 20:54:09,937787127655424000,perfect vocat pope franci say via
2017-12-04 20:53:56,937787073058263042,pope franci land washington c
2017-12-04 20:53:52,937787059644915712,sinc profil pic quot pope franci let us learn live kind love e
2017-12-04 20:52:25,937786691905052674,accept risen jesus life even u far away take small step toward await w open
2017-12-04 20:52:07,937786615535058944,condemn reign senseless brutal hindus bangladesh masscr buddhist hindus myanmar p
2017-12-04 20:52:04,937786606806646784,pope franci prayer intent decemb elder vatican radio
2017-12-04 20:51:55,937786566432268288,new book expos pope franci behind close door tyrann unprincipl popefranc
2017-12-04 20:51:17,937786407371800576,icymi pope franci popular worldwid young conserv question approach via
2017-12-04 20:51:10,937786378280194050,dictat pope explos new book take insid look franci pope popefr tcot
2017-12-04 20:51:10,937786376971522048,pope franci refer rohingya bangladesh
2017-12-04 20:50:55,937786317278253056,new book expos pope franci behind close door tyrann unprincipl
2017-12-04 20:50:24,937786183677038592,bibl road map time histori god speed brother amen franci pope
2017-12-04 20:50:08,937786117092409346,pope franci draw attent immedi climatechang threat pacif
2017-12-04 20:50:03,937786096804614145,icymi pope franci ask weekend caus chang church teach deterr
2017-12-04 20:49:28,937785950788349954,read heaven eah pope franci
2017-12-04 20:46:54,937785302843830272,jet vatican invit pope franci paicip social ju
2017-12-04 20:45:28,937784945166159872,two peopl proud week nicola sturgeon scotland pope franci myanmar rohynga true decen
2017-12-04 20:44:59,937784824089194496,pope concern muslim christian surpris discuss mohammedkoran va
2017-12-04 20:44:29,937784697215770625,full text pope franci improvis comment priest religi bangladesh
2017-12-04 20:43:10,937784363760177153,pope franci elev communion adulter authent magisterium
2017-12-04 20:43:03,937784337365389312,pope franci land washington c
2017-12-04 20:41:40,937783988105678850,oft wonder presenc pope emeritus benedict well pope franci whether ca
2017-12-04 20:41:18,937783897378738176,4 year ago today interview news pope franci graphic made look like new pope http
2017-12-04 20:40:50,937783776511512577,pope franci run benedict xvi prophet moham show everyon voic
2017-12-04 20:40:45,937783758652141568,pope franci love
2017-12-04 20:40:36,937783719330570240,pope franci said cold war era polici nuclear deterr longer viabl mere possess nuclea
2017-12-04 20:40:08,937783600845676551,word christ grow us proclaim give other read messag pope franci gt https
2017-12-04 20:38:51,937783280690135041,conserv say al amp offici interpret contradict previous infal teach igno
2017-12-04 20:38:49,937783270653218818,accept risen jesus life even u far away take small step toward await w open
2017-12-04 20:38:25,937783169012596737,pope franci said cold war era polici nuclear deterr longer viabl mere possess nuclea
2017-12-04 20:37:18,937782886714966018,pope franci world govern must rule u good via jesuit
2017-12-04 20:37:01,937782819098644481,pope franci reach ethic limit nuclear weapon
2017-12-04 20:36:37,937782718842187777,dictat pope explos new book take insid look franci pope popefr
2017-12-04 20:36:31,937782692569059330,pope franci god call make excus cathol news agenc
2017-12-04 20:35:47,937782508640403456,said pope franci made moral amp polit miscalcul use term rohingya myanmar
2017-12-04 20:35:03,937782320941142016,pope franci said cold war era polici nuclear deterr longer viabl mere possess nuclea
2017-12-04 20:35:01,937782312049217536,pope franci elev communion adulter authent magisterium opinion lifesit
2017-12-04 20:34:46,937782249151520768,pope franci releas messag 2018 world day vocat vatican radio
2017-12-04 20:33:07,937781836293455873,pope franci said cold war era polici nuclear deterr longer viabl mere possess nuclea
2017-12-04 20:33:04,937781824767627266,xtian like idiot
2017-12-04 20:32:45,937781744257953801,hear religi right like pope franci understand unlik pope spoke judg
2017-12-04 20:31:55,937781532055490561,pope franci said cold war era polici nuclear deterr longer viabl mere possess
2017-12-04 20:31:41,937781473301749760,cardin evolv beyond state right wrong thank pope franci comment
2017-12-04 20:30:30,937781176470605824,pope franci elev communion adulter authent magisterium
2017-12-04 20:30:02,937781058120101894,pope franci call uniti peac recent visit myanmar former known burma
2017-12-04 20:29:48,937781001887076353,hear religi right like pope franci understand unlik pope spoke judg
2017-12-04 20:29:40,937780968169013248,pope franci god call make excus via
2017-12-04 20:29:36,937780949647003648,wept wept pope franci ask rohingya forgiv emot meet via signific
2017-12-04 20:28:23,937780645304160256,cardin evolv beyond state right wrong thank pope franci comment walkforlifeph
2017-12-04 20:27:34,937780437560188928,retweet cathol news agenc pope franci pray grandpar decemb
2017-12-04 20:27:28,937780414416084994,vatican advis pope franci claim republican face consequ tax reform redpil goldwat https
2017-12-04 20:27:27,937780408472580096,pope franci pray grandpar decemb via
2017-12-04 20:27:01,937780300054171648,cardin evolv beyond state right wrong thank pope franci comment
2017-12-04 20:25:52,937780011066646530,visit bangladesh pope franci bless cornerston new notr dame univers bangladesh dhaka
2017-12-04 20:25:20,937779875473166337,visit bangladesh pope franci bless cornerston new notr dame univers bangladesh
2017-12-04 20:25:02,937779800730677248,pope franci speak
2017-12-04 20:24:56,937779777901080576,pope franci run benedict xvi prophet moham show everyon voic
2017-12-04 20:23:52,937779508035198976,hear religi right like pope franci understand unlik pope spoke judg
2017-12-04 20:23:24,937779390724927495,never heard pope franci say atheist f
2017-12-04 20:22:05,937779059173363712,pope franci diplomat guidelin continu
2017-12-04 20:21:50,937778996032495617,accept risen jesus life even u far away take small step toward await w open
2017-12-04 20:21:20,937778872422199299,wait perfect answer vocat call pope franci said messag world day prayer vocat
2017-12-04 20:20:26,937778643786383360,w
2017-12-04 20:19:23,937778378450579457,accept risen jesus life even u far away take small step toward await w open
2017-12-04 20:19:10,937778326386741248,pope concern muslim christian surpris discuss mohammedkoran va
2017-12-04 20:19:10,937778324549419008,pope franci visit myanmar bangladesh display disappoint lack moral courag
2017-12-04 20:18:58,937778276591747072,accept risen jesus life even u far away take small step toward await w open
2017-12-04 20:18:52,937778251581345792,accept risen jesus life even u far away take small step toward await w open
2017-12-04 20:18:34,937778174573805573,accept risen jesus life even u far away take small step toward await w open arm pope franci
2017-12-04 20:18:20,937778116247867393,pretti much clueless plato aristotl look forward read sent mayb
2017-12-04 20:18:09,937778068751638529,pope concern muslim christian surpris discuss mohammedkoran va
2017-12-04 20:17:51,937777994554372096,pope franci warn peopl take care grandpar futur
2017-12-04 20:15:57,937777517783601152,pope franci outset eucharist becom centr pattern life church https
2017-12-04 20:15:33,937777413672570880,pope franci elev communion adulter authent magisterium
2017-12-04 20:15:17,937777346123386880,pope franci prayer intent decemb elder vatican radio
2017-12-04 20:14:59,937777272697782272,dear pope franci think could actual tweet republican pay
2017-12-04 20:14:32,937777159099371520,pope franci god call make excus via
2017-12-04 20:14:07,937777055982333952,confus explod pope franci throw magisteri weight behind communion adulter move rais https
2017-12-04 20:14:02,937777032167124993,wait perfect answer vocat call pope franci said messag world day prayer voca
2017-12-04 20:13:56,937777009433903104,dream pope franci amp stress ab mock forgot learn sermon amp let entir cat
2017-12-04 20:13:09,937776810653310976,pope franci act savior releas new york time profil
2017-12-04 20:12:52,937776739991814150,ad video playlist pope franci prayer intent decemb 2017
2017-12-04 20:12:40,937776691040178178,pope franci repoer papal plane reach ethic limit nuclear weapon v
2017-12-04 20:12:27,937776634270240768,papal flight last weekend pope franci said convinc opinion world limit licit
2017-12-04 20:12:01,937776524715024384,papal flight last weekend pope franci said convinc opinion world limit
2017-12-04 20:12:00,937776522915647488,papal flight last weekend pope franci said convinc opinion world limit
2017-12-04 20:11:59,937776516691255296,pope franci pray grandpar decemb via
2017-12-04 20:11:51,937776486064549888,pope concern muslim christian surpris discuss mohammedkoran va
2017-12-04 20:11:04,937776288034586624,pope franci say therapi help clarifi thing earlier life proof need one
2017-12-04 20:10:52,937776235970691074,pope franci elev communion adulter authent magisterium
2017-12-04 20:10:16,937776083906084864,pope franci meet rohingya refuge wept
2017-12-04 20:10:11,937776064356642829,pope franci encourag faith histor trip burma trip get content https
2017-12-04 20:09:24,937775865517215750,pope franci meet rohingya refuge wept
2017-12-04 20:07:47,937775460611637248,pope franci god call make excus via
2017-12-04 20:07:40,937775432597848064,pope franci releas messag 2018 world day vocat
2017-12-04 20:06:19,937775093257789442,pope franci encourag faith histor trip burma trip get content
2017-12-04 20:06:07,937775042997424129,impoant pope franci gave author authent magisterium letter argentinian bishop
2017-12-04 20:05:31,937774890861584384,pope franci expedit 53 crew exchang thought human deepest oldest question space
2017-12-04 20:05:16,937774828702126080,technolog develop automat seen progress mankind unless result better l
2017-12-04 20:05:03,937774774360690689,pope franci pray grandpar decemb via
2017-12-04 20:04:23,937774605586051073,europ pope franci bangladesh reduc rohingya religion
2017-12-04 20:04:20,937774591283486720,wisdom self control need polic offic view mistrust seen almost enemi instead
2017-12-04 20:04:17,937774579325587456,pope franci prayer intent decemb elder vatican radio
2017-12-04 20:04:10,937774549248114689,power voic nuclear disarma pope becom
2017-12-04 20:03:48,937774459305582595,life journey stop thing go right pope franci life lifequot journey stayhappi
2017-12-04 20:03:43,937774435657957376,seem like pope franci final answer dubia whatev happen th near futur hope
2017-12-04 20:03:41,937774427500138496,pope formal establish argentina bishop teach communion divorc remarri cathol pa
2017-12-04 20:03:12,937774305215164416,pope franci visit myanmar bangladesh display disappoint lack moral courag
2017-12-04 20:02:35,937774152852824065,popefr visit first burmes jesuit priest
2017-12-04 20:02:32,937774140681007104,pope concern muslim christian surpris discuss mohammedkoran va
2017-12-04 20:02:06,937774031796830208,donald trump meet pope franci smiley face frowni face photo
2017-12-04 20:02:02,937774014587695104,pope franci first jesuit pope shadi rome bbc latin america analyst eric camara
2017-12-04 20:02:02,937774012591104001,full text pope franci improvis comment priest religi bangladesh
2017-12-04 20:02:01,937774010926026753,pope concern muslim christian surpris discuss mohammedkoran va
2017-12-04 20:01:46,937773945771773952,pope franci prayer intent decemb elder vatican radio
2017-12-04 20:01:08,937773785343840256,pope franci meet rohingya refuge wept
2017-12-04 20:01:00,937773753596985344,pope franci pray grandpar decemb via
2017-12-04 20:00:51,937773715726663681,confus explod pope franci throw magisteri weight behind communion adulter move rais
2017-12-04 20:00:15,937773564450635776,seek happi materi thing sure way unhappi pope franci
2017-12-04 19:58:49,937773203644190726,pope franci launch 2yr campaign increas empathi toward refuge amp migrant read stori
2017-12-04 19:58:43,937773179887550466,pope concern muslim christian surpris discuss mohammedkoran va
2017-12-04 19:58:16,937773065991225345,pope franci name oratorian father mario albeo avilé pastor sacr hea church hidalgo auxiliar
2017-12-04 19:57:48,937772947619696640,never miss mass pope franci said better atheist bad christian vote roymoor
2017-12-04 19:57:06,937772774004854784,pope franci world govern must rule u good via jesuit
2017-12-04 19:56:11,937772543020113920,pope franci prayer intent decemb elder vatican radio
2017-12-04 19:56:08,937772529292365826,pope franci pray grandpar decemb via
2017-12-04 19:55:01,937772245811949569,pope franci god call make excus via
2017-12-04 19:54:03,937772003234275328,pope franci releas messag 2018 world day vocat vatican radio
2017-12-04 19:53:55,937771971768700928,pope franci world govern must rule u good via jesuit
2017-12-04 19:52:41,937771659502800897,fals pope sign arriv end time cathol church state christian blind follow th
2017-12-04 19:52:04,937771503374012416,pope franci world govern must rule u good via jesuit
2017-12-04 19:51:41,937771410264440832,youth read pope franci homili holi mass youth myanmar amp bangladesh superb
2017-12-04 19:51:24,937771339385004032,still need jesuit suppo mission jesuit work done
2017-12-04 19:50:59,937771231117479936,seen pope franci kiss feet muslim enter bowel
2017-12-04 19:50:11,937771033494478849,hear religi right like pope franci understand unlik pope spoke judg
2017-12-04 19:49:49,937770939554648065,pope franci elev communion adulter authent magisterium
2017-12-04 19:49:16,937770800983236612,pope franci repoer papal plane reach ethic limit nuclear weapon v
2017-12-04 19:49:01,937770737489899525,pope franci elev communion adulter authent magisterium
2017-12-04 19:48:57,937770719462780928,power voic nuclear disarma pope becom
2017-12-04 19:48:18,937770555754901504,pope franci pray grandpar decemb via
2017-12-04 19:45:50,937769936042283009,pope franci decemb prayer intent jazz band
2017-12-04 19:45:42,937769902051557376,never miss mass pope franci said better atheist bad christian vote roymoor
2017-12-04 19:45:41,937769900097064960,icymi pope franci ask weekend caus chang church teach deterr
2017-12-04 19:45:24,937769828315738112,never miss mass pope franci said better atheist bad christian vote roymoor
2017-12-04 19:45:24,937769826445152256,pope franci wrap asia tour meet rohingya
2017-12-04 19:44:37,937769631955030016,pope franci visit myanmar bangladesh display disappoint lack moral courag
2017-12-04 19:44:21,937769563449712641,tri weep way seen reveal made cri
2017-12-04 19:43:41,937769393777496064,wisdom self control need polic offic view mistrust seen almost enemi instead
2017-12-04 19:43:23,937769319139823617,advent increas hope hope disappoint lord never let us p
2017-12-04 19:43:23,937769318728658944,2018 condon lectur seri schedul offici jan 17 religion america stand today fmr newsw
2017-12-04 19:42:10,937769014465564672,pope franci god call make excus via
2017-12-04 19:41:58,937768965526364161,pope franci visit myanmar bangladesh display disappoint lack moral courag
2017-12-04 19:41:46,937768913487704068,pope franci god call make excus via
2017-12-04 19:41:39,937768883422887937,vaticannuclear potenti histor moment faith base engag nuclear disarma say
2017-12-04 19:41:15,937768784483536896,pope franci god call make excus vatican citi dec 4 2017 01 59 pm ewtn news cna
2017-12-04 19:40:21,937768558687391744,pope franci warn peopl take care grandpar futur
2017-12-04 19:40:17,937768538659418115,pope franci cathol church obama god help us popefr
2017-12-04 19:39:52,937768436310200321,pope franci warn peopl take care grandpar futur
2017-12-04 19:39:09,937768253492883457,pope franci pray grandpar decemb via
2017-12-04 19:38:37,937768122085453828,integr mean allow refuge migrant paicip fulli life societi welcom
2017-12-04 19:38:36,937768116548980736,peopl stand near advent wreath st stephen basilica budapest hungari advent time watch
2017-12-04 19:37:26,937767823325220864,catholicnew popefr reach ethicallimit nuclearweapon
2017-12-04 19:37:17,937767786947993605,pope franci call respons plight face displac peopl test human test
2017-12-04 19:36:54,937767688696295431,pope franci releas messag 2018 world day vocat
2017-12-04 19:36:34,937767606437720064,grate beacon hope global stage everi singl day faith becom tangibl find ex
2017-12-04 19:36:34,937767604428648450,icymi pope franci ask weekend caus chang church teach deterr
2017-12-04 19:36:23,937767556861104129,pope concern muslim christian surpris discuss mohammedkoran va
2017-12-04 19:36:17,937767534316654592,never miss mass pope franci said better atheist bad christian vote roymoor
2017-12-04 19:36:11,937767508723027968,pope franci direct refer rohingya peopl myanmar persecut muslim minor name first time hi
2017-12-04 19:35:48,937767411456995328,skeptic believ world govern grow sinc jfk pope franci believ
2017-12-04 19:35:27,937767323762679809,dream pope franci amp stress ab mock forgot learn sermon amp let entir
2017-12-04 19:35:06,937767233815760898,pope franci visit myanmar bangladesh display disappoint lack moral courag
2017-12-04 19:35:01,937767213913837575,pope franci world govern must rule u good via jesuit
2017-12-04 19:34:38,937767117902045184,hear religi right like pope franci understand unlik pope spoke judg
2017-12-04 19:34:23,937767053829791746,via new manifesto rome urg prayer pope franci popefr cathol trcot
2017-12-04 19:33:49,937766912741666817,pope franci end trip bangladesh visit mother teresa home
2017-12-04 19:32:48,937766656901861376,pope franci popular worldwid young conserv question approach via
2017-12-04 19:32:44,937766640376168448,pope franci messag 2018 world day vocat victim chanc swept
2017-12-04 19:32:38,937766615097192449,pope franci pray grandpar decemb via
2017-12-04 19:31:50,937766412319371265,pope franci prayer intent decemb elder vatican radio
2017-12-04 19:31:34,937766348008157185,lead palestinian christian group urg pope franci reject isra govern invit launch 2018
2017-12-04 19:30:41,937766122165645312,pope franci meet rohingya refuge moment cri tri hide cri http
2017-12-04 19:30:08,937765983804149765,cardin evolv beyond state right wrong thank pope franci comment news lifesit
2017-12-04 19:30:05,937765972588580866,pope concern muslim christian surpris discuss mohammedkoran va
2017-12-04 19:29:25,937765805659492352,pope franci want hear young peopl age 16 29 fill onlin survey dec 31 give
2017-12-04 19:29:22,937765794431340544,pope franci elev communion adulter authent magisterium
2017-12-04 19:29:11,937765746859560960,pope franci world govern must rule u good via jesuit
2017-12-04 19:28:48,937765649115475970,final cathol church put pope franci notic final cover g
2017-12-04 19:28:18,937765526335574017,protect duti recogn defend inviol digniti flee real danger sear
2017-12-04 19:27:23,937765292914216960,lead palestinian christian group urg pope franci reject isra govern invit launch 2018
2017-12-04 19:26:41,937765116057194497,impoant pope franci gave author authent magisterium letter argentinian bishop
2017-12-04 19:26:25,937765052245037056,break news vatican announc pope franci aprov new rite penanc would allow peni
2017-12-04 19:26:04,937764962465910785,pope franci end asia tour meet rohingya
2017-12-04 19:25:55,937764923974848512,impact investor third time one year vatican tonight respond global challeng inspir
2017-12-04 19:25:45,937764882132299776,lead palestinian christian group urg pope franci reject isra govern invit launch 2018
2017-12-04 19:25:45,937764881641758721,4 year ago today interview news pope franci graphic made look like new pope http
2017-12-04 19:25:33,937764834333958144,wise reflect relic relationship saint canada prepar receiv relic st fran
2017-12-04 19:25:17,937764766575185920,hear religi right like pope franci understand unlik pope spoke judg
2017-12-04 19:25:07,937764722379776001,pope franci god call make excus vatican citi dec 4 2017 11 59 cna ewtn news
2017-12-04 19:25:07,937764722350452737,pope franci god call make excus via
2017-12-04 19:24:51,937764654230786049,pope franci ordain 16 men priesthood bangladesh cathol vocat
2017-12-04 19:24:38,937764601923624960,impact investor third time one year vatican tonight respond global challeng inspir
2017-12-04 19:24:20,937764525515796480,retweet pope franci faith becom tangibl find express love especi
2017-12-04 19:24:06,937764467852668929,pope franci ordain 16 men priesthood bangladesh cathol
2017-12-04 19:22:08,937763971310018560,vatican irrat immor issu tend via
2017-12-04 19:21:46,937763881077891073,pope franci warn terror gossip end
2017-12-04 19:21:36,937763837939347458,icymi pope franci ask weekend caus chang church teach deterr
2017-12-04 19:21:18,937763761343131649,pope franci seem speak direct gop trump time
2017-12-04 19:20:48,937763635908227073,thorough sick doublespeak ensu confus pope fra
2017-12-04 19:20:29,937763559290867718,pope franci elev communion adulter authent magisterium
2017-12-04 19:20:26,937763546171142144,hear religi right like pope franci understand unlik pope spoke judg
2017-12-04 19:19:56,937763418475515912,regardless discourag word rememb keep pray
2017-12-04 19:19:33,937763323369721857,pope franci meet rohingya refuge moment cri tri hide cri http
2017-12-04 19:19:21,937763273268715521,pope franci said cold war era polici nuclear deterr longer viabl mere possess nuclear weapon
2017-12-04 19:19:03,937763194562596864,impact investor third time one year vatican tonight respond global challeng inspi
2017-12-04 19:19:01,937763189269454848,impoant pope franci gave author authent magisterium letter argentinian bishop
2017-12-04 19:18:33,937763069626933248,day wept bin twist diplomaci toward myanmar amp spoke mind organis want kick 16 ro
2017-12-04 19:18:06,937762956720463872,presenc god today also call rohingya pope franci
2017-12-04 19:17:44,937762863397113856,pope franci defend decis take strong stand rohingya suggest communiti could persecut
2017-12-04 19:17:21,937762768383483904,pope franci meet rohingya refuge moment cri tri hide cri http
2017-12-04 19:17:02,937762687286734848,dr jimmi peter ten reason franci formal magisteri asseion communion heresi realli count http
2017-12-04 19:17:00,937762679539806208,integr mean allow refuge migrant paicip fulli life societi welcom
2017-12-04 19:16:34,937762570190053376,icymi pope franci said chose public refer rohingya muslim myanmar effo increas ch
2017-12-04 19:16:31,937762557544271873,lead palestinian christian group urg pope franci reject isra govern invit launch 2018
2017-12-04 19:16:16,937762494231191552,pope franci angelus address advent time pay attent need other tri counter
2017-12-04 19:14:46,937762118262124545,break hea 2 kachin pastor show media crew destruct st franci xavier cathol church mong
2017-12-04 19:13:55,937761905275367424,pope franci say mere possess nuclear weapon irrat
2017-12-04 19:12:50,937761633505632256,said pope franci made moral amp polit miscalcul use term rohingya myanmar
2017-12-04 19:12:41,937761594469240832,jesuit pope back moslem christian pope franci face diplomat test burma visitintern c
2017-12-04 19:12:31,937761550789693440,wait perfect answer vocat call pope franci said messag world day prayer voca
2017-12-04 19:12:07,937761452634632194,think agre pope franci focus app
2017-12-04 19:11:02,937761177471541248,pope franci releas messag 2018 world day vocat
2017-12-04 19:10:26,937761028833718282,pope franci letter argentin bishop acta apostolica sedi
2017-12-04 19:10:23,937761016359899139,pope franci pray grandpar decemb
2017-12-04 19:10:02,937760927859929088,pope franci meet rohingya refuge moment cri tri hide cri
2017-12-04 19:10:00,937760920234840064,pope franci meet rohingya refuge moment cri tri hide cri
2017-12-04 19:07:34,937760306666852352,pope concern muslim christian surpris discuss mohammedkoran va
2017-12-04 19:07:06,937760191264755712,hear religi right like pope franci understand unlik pope spoke judg
2017-12-04 19:05:56,937759893888565248,begin advent journey pope franci remind us jesus seek bring us salvat
2017-12-04 19:04:04,937759425904939010,travel pope franci
2017-12-04 19:04:02,937759417700794368,pope franci pray grandpar decemb via
2017-12-04 19:03:22,937759249526075397,respons current event watch news princ harri meghan markl pope franci
2017-12-04 19:02:54,937759132119072768,impoant pope franci gave author authent magisterium letter argentinian bishop
2017-12-04 19:01:54,937758882314809344,pope franci presenc god today also call rohingya
2017-12-04 19:01:39,937758819597287425,pope franci wrap asia tour meet rohingya
2017-12-04 19:01:20,937758737972031488,pope franci presenc god today also call rohingya
2017-12-04 19:00:28,937758518169419776,seek happi materi thing sure way unhappi pope franci
2017-12-04 19:00:25,937758509168562176,wait perfect answer vocat call pope franci said messag world day prayer voca
2017-12-04 19:00:16,937758471012970496,know pope franci receiv special lamborghini check
2017-12-04 19:00:11,937758450024673286,sorri dont get mean bibl finish written 2000 year ago right john p
2017-12-04 19:00:06,937758425668292609,pope franci god call make excus via
2017-12-04 19:00:02,937758411030171652,pope franci first 227 simpl gematria math
2017-12-04 18:59:30,937758276573331459,rebih new roman umpir complet emperor obaman fals pope franci stood whi
2017-12-04 18:59:12,937758200790732800,pope franci god call make excus via
2017-12-04 18:59:08,937758185766707200,remnant newspap new remnant tv
2017-12-04 18:59:01,937758154237939712,pope franci god call make excus via
2017-12-04 18:57:56,937757881306374147,pope concern muslim christian surpris discuss mohammedkoran va
2017-12-04 18:57:36,937757796484993024,4 year ago today interview news pope franci graphic made look like new pope http
2017-12-04 18:57:35,937757793431490560,tactic pope franci use enjoy call peopl obscur heresi millennia ago either
2017-12-04 18:57:10,937757688158736390,pope concern muslim christian surpris discuss mohammedkoran va
2017-12-04 18:56:17,937757466246500353,pope franci said cold war era polici nuclear deterr longer viabl mere possess nuclea
2017-12-04 18:55:15,937757207139008512,pope franci pray grandpar decemb via
2017-12-04 18:55:06,937757168543109122,great human famili necessari renew alway common horizon toward journey horiz
2017-12-04 18:55:04,937757162671165440,pope franci explain use word rohingya myanmar
2017-12-04 18:53:49,937756845070082048,pope franci pray grandpar decemb via
2017-12-04 18:53:38,937756801671426048,word pope franci deliv communiti peac build address 01
2017-12-04 18:53:28,937756756469567488,integr mean allow refuge migrant paicip fulli life societi welcom
2017-12-04 18:53:23,937756737464975360,pope franci pray grandpar decemb via
2017-12-04 18:52:56,937756625326264320,day introduc pope franci rohingya
2017-12-04 18:51:28,937756255095083016,true holi father must help less founat monetari least
2017-12-04 18:51:26,937756247939584000,threat wonder excommun yet chomo priest given mani chanc
2017-12-04 18:50:51,937756100509798408,cardin evolv beyond state right wrong thank pope franci comment cupich credit hi
2017-12-04 18:50:32,937756021648494592,day 2 famili focus advent calendar thought day pope franci parent wast
2017-12-04 18:49:41,937755804270292998,popeinbangladesh pope franci end trip bangladesh visit mother teresa home
2017-12-04 18:48:25,937755487168286720,pope franci pronounc word assidu avoid day earlier myanmar rohingya
2017-12-04 18:48:10,937755423989313536,pope concern muslim christian surpris discuss mohammedkoran va
2017-12-04 18:48:08,937755414334181377,one human famili migrant journey hope pope franci
2017-12-04 18:47:32,937755264157175808,hope forc drive us share journey migrant refuge say pope franci sharejourney video
2017-12-04 18:47:28,937755248961101825,pope franci pray grandpar decemb
2017-12-04 18:47:16,937755196184317952,one name stori pope franci bologna break bread migrant urg hope
2017-12-04 18:47:04,937755148956438530,pope franci explain use word rohingya myanmar
2017-12-04 18:46:45,937755069096718336,pope franci pray grandpar decemb
2017-12-04 18:46:09,937754916503932933,said pope franci declar danger relationship jesus theconservativeonlin
2017-12-04 18:46:02,937754886363598848,power voic nuclear disarma pope becom
2017-12-04 18:45:54,937754852020678658,day introduc pope franci rohingya
2017-12-04 18:45:22,937754719652544512,pope franci prayer intent decemb elder rv
2017-12-04 18:44:42,937754551167352832,hear religi right like pope franci understand unlik pope spoke judg
2017-12-04 18:43:18,937754200334852102,rebih new roman umpir complet emperor obaman fals pope franci stood whi
2017-12-04 18:43:16,937754192218939394,pope franci prayer intent decemb elder
2017-12-04 18:43:09,937754162846035969,retweet pope franci faith becom tangibl find express love especi
2017-12-04 18:41:20,937753706602422273,
2017-12-04 18:41:12,937753670430715904,pope franci end asia tour meet rohingya
2017-12-04 18:41:08,937753655146672128,need strengthen convict one singl human famili pope franci laudato si
2017-12-04 18:40:58,937753614101213184,petit suppo cathol laiti filial correct pope franci firma la peti vía
2017-12-04 18:40:35,937753514520055809,pope concern muslim christian surpris discuss mohammedkoran va
2017-12-04 18:40:12,937753419959488513,4 year ago today interview news pope franci graphic made look like new pope http
2017-12-04 18:40:02,937753376464494594,
2017-12-04 18:39:27,937753232469843968,
2017-12-04 18:38:50,937753076802371584,pope franci urg govern make legal immigr easier said leader also recogn
2017-12-04 18:38:47,937753061111619593,wonder action love pope franci main luther
2017-12-04 18:37:35,937752761516490752,pope concern muslim christian surpris discuss mohammedkoran va
2017-12-04 18:36:52,937752581325099008,grate beacon hope global stage everi singl day faith becom tangibl find ex
2017-12-04 18:36:45,937752551201447936,grate beacon hope global stage everi singl day faith becom tangibl find ex
2017-12-04 18:36:32,937752496419651584,finish translat pope franci said flight back bangladesh instead post thes
2017-12-04 18:36:29,937752484583526400,finish translat pope franci said flight back bangladesh instead post thes
2017-12-04 18:36:12,937752413343272960,imposs squar perenni doctrin disciplin cathol faith pope franci elev comm
2017-12-04 18:35:51,937752325183168515,wonder pictur pope franci kiss consecr hand new priest ordain bangladesh
2017-12-04 18:35:43,937752291544846338,said pope franci made moral amp polit miscalcul use term rohingya myanmar
2017-12-04 18:35:13,937752163677294595,pope franci warn terror gossip end
2017-12-04 18:35:08,937752146539192320,apostol letter pope franci clear heresey cardin brandmul burk abl take action
2017-12-04 18:35:06,937752137768955904,advent time given us welcom lord come meet us verifi desir god look
2017-12-04 18:35:06,937752136540180480,4 year ago today interview news pope franci graphic made look like new pope http
2017-12-04 18:34:09,937751895178870790,icymi pope franci ask weekend caus chang church teach deterr
2017-12-04 18:32:46,937751550897909760,pope franci ask forgiv rohingya muslim christian slaughter middl east
2017-12-04 18:32:45,937751543511638016,bangladesh pope franci get closer say rohingya
2017-12-04 18:32:43,937751538155520000,bangladesh pope franci get closer say rohingya
2017-12-04 18:32:10,937751397747085312,pontiff say wept meet rohingya refuge pope franci
2017-12-04 18:32:09,937751393083019270,pontiff say wept meet rohingya refuge pope franci
2017-12-04 18:32:07,937751387089358850,pontiff say wept meet rohingya refuge pope franci
2017-12-04 18:32:01,937751359436345345,pontiff say wept meet rohingya refuge pope franci
2017-12-04 18:31:45,937751294403600386,4 year ago today interview news pope franci graphic made look like new pope http
2017-12-04 18:31:39,937751265852960768,pope franci confer renown philanthropist chief toni chukwu papal award knight st gregor
2017-12-04 18:31:16,937751169967034368,
2017-12-04 18:31:11,937751152204107776,4 year ago today interview news pope franci graphic made look like new pope http
2017-12-04 18:31:10,937751144436088832,prais lord jc cure cancer fda approv want meet pope build 12 hospit w
2017-12-04 18:30:55,937751082876456966,icymi pope franci said chose public refer rohingya muslim myanmar effo increas ch
2017-12-04 18:30:54,937751080968118273,pope franci prayer intent decemb elder
2017-12-04 18:30:43,937751034117656578,4 year ago today interview news pope franci graphic made look like new pope http
2017-12-04 18:30:27,937750964940947456,visit bangladesh past weekend pope franci met 16 rohingya refuge listen one stori h
2017-12-04 18:30:23,937750951070437379,
2017-12-04 18:30:20,937750935341690880,pope franci elev communion adulter authent magisterium
2017-12-04 18:30:06,937750877963804677,pope franci pray grandpar decemb cathol tcot
2017-12-04 18:30:02,937750859949268992,pope franci elev communion adulter authent magisterium
2017-12-04 18:29:54,937750826130595842,messag young refuge go back recogn rohingya target bec
2017-12-04 18:29:37,937750757167656960,absolut love pope franci encycl
2017-12-04 18:29:31,937750729422336001,impoant pope franci gave author authent magisterium letter argentinian bishop
2017-12-04 18:29:12,937750651416842242,4 year ago today interview news pope franci graphic made look like new pope http
2017-12-04 18:29:09,937750640167702529,pope franci final use word rohingya apolog refuge
2017-12-04 18:29:01,937750606793633792,visit bangladesh past weekend pope franci met 16 rohingya refuge listen one stori h
2017-12-04 18:28:54,937750575722229760,technolog develop automat seen progress mankind unless result better l
2017-12-04 18:28:18,937750422902755329,good remind pope franci begin new work week
2017-12-04 18:28:17,937750421208272898,never talk rohingya talk rohingya pope franci talk
2017-12-04 18:27:56,937750333773803522,4 year ago today interview news pope franci graphic made look like new pope http
2017-12-04 18:27:38,937750256728662018,4 year ago today interview news pope franci graphic made look like new pope http
2017-12-04 18:27:21,937750186222407680,integr mean allow refuge migrant paicip fulli life societi welcom
2017-12-04 18:27:05,937750120187219968,technolog develop automat seen progress mankind unless result better l
2017-12-04 18:26:43,937750025567981568,never talk rohingya talk rohingya pope franci
2017-12-04 18:24:09,937749381809258496,pope franci cri rohingya refuge need help amp 434 million dollar pls donat bangladesh donat rohingya
2017-12-04 18:24:08,937749374938923008,wonder pictur pope franci kiss consecr hand new priest ordain bangladesh
2017-12-04 18:24:02,937749350838669313,icymi pope franci ask weekend caus chang church teach deterr
2017-12-04 18:24:02,937749350196822016,hear religi right like pope franci understand unlik pope spoke judg
2017-12-04 18:24:00,937749342999449601,day introduc pope franci rohingya
2017-12-04 18:23:58,937749332522164224,imposs squar perenni doctrin disciplin cathol faith pope franci elev comm
2017-12-04 18:23:50,937749301916323840,icymi pope franci said chose public refer rohingya muslim myanmar effo increas
2017-12-04 18:23:18,937749168495497216,imposs squar perenni doctrin disciplin cathol faith pope franci elev comm
2017-12-04 18:22:06,937748866174275584,holi see offici promulg bueno air guidelin amori laetitia
2017-12-04 18:21:20,937748670849650689,imposs squar perenni doctrin disciplin cathol faith pope franci elev comm
2017-12-04 18:21:12,937748639270682624,pope franci need die
2017-12-04 18:21:06,937748613198991360,technolog develop automat seen progress mankind unless result bett
2017-12-04 18:20:42,937748510564372480,
2017-12-04 18:20:40,937748503433969665,wonder pictur pope franci kiss consecr hand new priest ordain bangladesh
2017-12-04 18:20:36,937748488099717120,technolog develop automat seen progress mankind unless result bett
2017-12-04 18:20:21,937748422765015041,
2017-12-04 18:20:19,937748414233808898,pope franci letter argentin bishop acta apostolica sedi dr edward
2017-12-04 18:20:03,937748347263377409,pope franci hear come america spread good believ one
2017-12-04 18:19:46,937748276589289472,
2017-12-04 18:19:30,937748212156215296,pope franci cri rohingya refuge need help amp 434 million dollar pls donat bangladesh donat
2017-12-04 18:19:12,937748135069343745,fail mention persecut muslim rohingya minor myanmar speech pope franci meet refuge say
2017-12-04 18:19:01,937748088114081792,
2017-12-04 18:18:23,937747927455404033,pope franci urg visit troubl south sudan make donat premier christian radio
2017-12-04 18:18:00,937747832731262977,4 year ago today interview news pope franci graphic made look like new pope http
2017-12-04 18:17:35,937747726724300802,let close hea let look side presenc god today also call rohingya franci sa
2017-12-04 18:17:05,937747602313007104,pope franci pray grandpar decemb vatican citi dec 4 2017 10 14 cna ewtn news
2017-12-04 18:16:14,937747390135758848,let close hea let look side presenc god today also call rohingya franci sa
2017-12-04 18:16:05,937747348746158080,pope franci urg visit troubl south sudan make donat premier christian radio
2017-12-04 18:15:41,937747248267620354,imposs squar perenni doctrin disciplin cathol faith pope franci elev c
2017-12-04 18:15:15,937747140771827713,4 year ago today interview news pope franci graphic made look like new pope http
2017-12-04 18:14:41,937746998958153728,icymi pope franci said chose public refer rohingya muslim myanmar effo increas ch
2017-12-04 18:14:30,937746952804093952,pope concern muslim christian surpris discuss mohammedkoran va
2017-12-04 18:14:11,937746873170919431,laps nomin cathol find pope franci quit endear difficult feat larg leprous conserv church
2017-12-04 18:14:08,937746859661152257,icymi pope franci ask weekend caus chang church teach deterr
2017-12-04 18:14:08,937746857916280832,purpos spred make parish place welcom brother sister learn disabili
2017-12-04 18:14:02,937746834780557313,pope franci mark advent recal journey myanmar bangladesh angelus
2017-12-04 18:13:53,937746797782474752,hear religi right like pope franci understand unlik pope spoke judg
2017-12-04 18:13:28,937746692945973248,iamcarita day introduc pope franci rohingya
2017-12-04 18:12:47,937746521868636165,pope franci prayer intent decemb elder rv
2017-12-04 18:12:40,937746489916325888,full text pope franci improvis comment priest religi bangladesh
2017-12-04 18:12:07,937746352804716545,pope franci share respons welcom amp protect decent shelter respect digniti amp prom
2017-12-04 18:12:04,937746339861028864,pope franci elev communion adulter authent magisterium opinion lifesit
2017-12-04 18:11:54,937746297469140994,full text pope franci improvis comment priest religi bangladesh
2017-12-04 18:11:37,937746227839602688,pope franci pray grandpar decemb vatican citi dec 4 2017 12 15 pm ewtn news cna https
2017-12-04 18:11:15,937746134361165824,pope franci end asia tour meet rohingya
2017-12-04 18:11:09,937746109950189573,pray discern return
2017-12-04 18:10:14,937745878906953730,check left pope john paul ii ride rickshaw dhaka bangladesh nov 19 1986 right pope franc
2017-12-04 18:10:09,937745857046241280,pope franci letter argentin bishop acta apostolica sedi dr edw
2017-12-04 18:10:03,937745833243566080,pictur pope franci ordain 16 men priesthood bangladesh
2017-12-04 18:09:49,937745774196219905,pope franci explain use word rohingya myanmar
2017-12-04 18:09:48,937745768135450625,check left pope john paul ii ride rickshaw dhaka bangladesh nov 19 1986 right pope franc
2017-12-04 18:09:47,937745767003017218,day introduc pope franci rohingya
2017-12-04 18:09:42,937745743376535552,said pope franci made moral amp polit miscalcul use term rohingya myanmar
2017-12-04 18:09:36,937745719901020160,pictur pope franci ordain 16 men priesthood bangladesh
2017-12-04 18:08:47,937745514237394944,hear religi right like pope franci understand unlik pope spoke judg
2017-12-04 18:08:18,937745389834432512,let dese place hea bloom pope franci dream mind seren
2017-12-04 18:08:07,937745344280055808,hear religi right like pope franci understand unlik pope spoke judg
2017-12-04 18:08:01,937745319105884162,icymi pope franci said chose public refer rohingya muslim myanmar effo increa
2017-12-04 18:08:01,937745318967480320,icymi pope franci said chose public refer rohingya muslim myanmar effo increa
2017-12-04 18:07:31,937745194736279554,hear religi right like pope franci understand unlik pope spoke judg
2017-12-04 18:06:46,937745007867453441,offer asylum seeker refuge migrant victim human traffick oppoun find peac
2017-12-04 18:06:31,937744944894173184,pope franci also mad peopl love like saint john paul ii think
2017-12-04 18:05:33,937744699695263746,cathol regist turn 125 want celebr us itali see rome assisi flore
2017-12-04 18:05:25,937744666929143808,pope franci know mad someth happen past justifi mad
2017-12-04 18:05:15,937744625686769666,pope franci warn terror gossip end asian tour
2017-12-04 18:05:01,937744566345707520,pope franci cri rohingya said noth rohingya myanmar afraid
2017-12-04 18:04:59,937744557491363840,icymi pope franci ask weekend caus chang church teach deterr
2017-12-04 18:04:20,937744394832269312,integr mean allow refuge migrant paicip fulli life societi welcom
2017-12-04 18:03:18,937744132524642304,pope franci world govern must rule u good via jesuit
2017-12-04 18:03:00,937744058591662080,icymi pope franci ask weekend caus chang church teach det
2017-12-04 18:02:18,937743880476286978,pope franci refer rohingya bangladesh
2017-12-04 18:02:17,937743876961562626,pope franci refer rohingya bangladesh
2017-12-04 18:01:50,937743765372002304,hear religi right like pope franci understand unlik pope spoke judg
2017-12-04 18:01:37,937743708753137664,pope franci repoer papal plane reach ethic limit nuclear weapon v
2017-12-04 18:01:30,937743681351712768,conserv say al amp offici interpret contradict previous infal teach igno
2017-12-04 18:01:22,937743647461781504,pope franci say advent time make god prioriti sunday pope franci kick church adv https
2017-12-04 18:00:40,937743470726434817,pope franci say advent time make god prioriti sunday pope franci kick church adv https
2017-12-04 18:00:23,937743399217782784,word christ grow us proclaim give other read messag pope franci
2017-12-04 18:00:15,937743367613702144,pope franci pray grandpar decemb vatican citi dec 4 2017 12 15 pm ewtn news cna
2017-12-04 18:00:10,937743343504777216,hear religi right like pope franci understand unlik pope spoke judg
2017-12-04 18:00:06,937743326878617600,cautious pontiff 80 year old franci might avoid crisi stay home
2017-12-04 18:00:03,937743316568993794,integr mean allow refuge migrant paicip fulli life societi welcom
2017-12-04 17:59:52,937743271203299328,pope franci seek forgiv rohingya interfaith meet dhaka
2017-12-04 17:59:45,937743240454901761,hear religi right like pope franci understand unlik pope spoke judg
2017-12-04 17:59:45,937743239188303872,pope franci seek forgiv rohingya interfaith meet dhaka
2017-12-04 17:58:57,937743038180446208,also hear quieter repo 1st hand priest summarili laicis criticis letitia pope fr
2017-12-04 17:58:51,937743013572481035,grate beacon hope global stage everi singl day faith becom tangibl find ex
2017-12-04 17:58:14,937742858458619904,pope franci repoer papal plane reach ethic limit nuclear weapon v
2017-12-04 17:58:14,937742857506512897,forgiv pougues goa conv hindus christian b
2017-12-04 17:57:44,937742732549853187,popefr reach ethic limit nuclear weapon via
2017-12-04 17:57:36,937742697498103808,hear religi right like pope franci understand unlik pope spoke judg
2017-12-04 17:57:09,937742587393220608,pope franci repoer papal plane reach ethic limit nuclear weapon v
2017-12-04 17:56:48,937742498155450373,pope franci rock vatican citi want us feel good name god merci
2017-12-04 17:56:44,937742478811185152,popefr reach ethic limit nuclear weapon via
2017-12-04 17:55:52,937742261592436736,pope concern muslim christian surpris discuss mohammedkoran va
2017-12-04 17:55:27,937742157766643713,hear religi right like pope franci understand unlik pope spoke judg
2017-12-04 17:55:06,937742069409316865,hear religi right like pope franci understand unlik pope spoke judg
2017-12-04 17:54:47,937741990531424256,hear religi right like pope franci understand unlik pope spoke judg
2017-12-04 17:54:38,937741950664560641,tri weep way seen reveal made cri
2017-12-04 17:54:06,937741816866136064,full text pope franci improvis comment priest religi bangladesh
2017-12-04 17:52:49,937741494122831872,pope franci visit myanmar bangladesh display disappoint lack moral courag
2017-12-04 17:52:38,937741450414092288,church cultur organ famili jesus pope franci littl book wisdom
2017-12-04 17:52:17,937741362786590720,hear religi right like pope franci understand unlik pope spoke judg
2017-12-04 17:51:04,937741054413037569,pope franci said cold war era polici nuclear deterr longer viabl mere possess nuclea
2017-12-04 17:51:02,937741045202374656,pope franci urg visit troubl south sudan make donat
2017-12-04 17:50:06,937740812753997826,pope franci say advent time make god prioriti sunday pope franci kick church adv
2017-12-04 17:49:59,937740783775633408,hear religi right like pope franci understand unlik pope spoke judg
2017-12-04 17:49:29,937740654523928576,wonder action love pope franci main luther
2017-12-04 17:49:21,937740621556649984,hear religi right like pope franci understand unlik pope spoke judg
2017-12-04 17:48:55,937740512286728192,new awork sale pope franci thanksgiv
2017-12-04 17:48:48,937740482817548289,pope franci urg visit troubl south sudan make donat
2017-12-04 17:48:36,937740434209738753,pope concern muslim christian surpris discuss mohammedkoran va
2017-12-04 17:48:19,937740362461995008,pope franci elev communion adulter authent magisterium
2017-12-04 17:47:41,937740202029838337,watch dr franci pope tonight 6pm discuss health implic pollut cyc
2017-12-04 17:47:27,937740144421031937,pope franci visit myanmar bangladesh display disappoint lack moral courag
2017-12-04 17:46:34,937739924127735808,pope franci visit myanmar bangladesh display disappoint lack moral courag
2017-12-04 17:46:34,937739922219388933,dr jimmi peter ten reason franci formal magisteri asseion communion heresi realli count
2017-12-04 17:46:17,937739851784441856,pope franci releas messag 2018 world day vocat
2017-12-04 17:46:13,937739832306032640,vatican advis pope franci claim republican face consequ tax reform redpil goldwat https
2017-12-04 17:44:47,937739472774590464,pope franci prayer intent decemb elder rv
2017-12-04 17:44:45,937739464008445953,conserv say al amp offici interpret contradict previous infal teach igno
2017-12-04 17:44:38,937739435759816705,impoant pope franci gave author authent magisterium letter argentinian bishop
2017-12-04 17:44:20,937739359658430464,pope franci pray grandpar decemb vatican citi dec 4 2017 10 14 cna ewtn news https
2017-12-04 17:43:55,937739253630554112,young peopl alway readi move forward make thing happen take risk encourag keep mo
2017-12-04 17:43:02,937739032720789504,integr mean allow refuge migrant paicip fulli life societi welcom
2017-12-04 17:42:36,937738925623336967,hear religi right like pope franci understand unlik pope spoke judg
2017-12-04 17:42:26,937738882560512000,pope franci prayer intent decemb elder rv
2017-12-04 17:42:24,937738872989110272,pope franci pray grandpar decemb via
2017-12-04 17:42:15,937738835731140608,pope defend myanmar diplomaci negoti truth
2017-12-04 17:42:03,937738785109839872,reach limit nuclear arm say pope franci must go back
2017-12-04 17:41:53,937738743187935233,integr mean allow refuge migrant paicip fulli life societi welcom
2017-12-04 17:41:49,937738727882977281,advent time given us welcom lord come meet us verifi desir god look
2017-12-04 17:41:08,937738556998586368,pope franci pray grandpar decemb vatican citi dec 4 2017 10 14 cna ewtn news
2017-12-04 17:40:51,937738483703078913,pope concern muslim christian surpris discuss mohammedkoran va
2017-12-04 17:40:41,937738442678652929,pope franci prayer intent decemb elder
2017-12-04 17:40:33,937738406280429568,pope concern muslim christian surpris discuss mohammedkoran va
2017-12-04 17:40:03,937738281365704705,pope franci prayer intent decemb elder rv
2017-12-04 17:39:58,937738260780142592,pope franci ask forgiv rohingya muslim christian slaughter middl east
2017-12-04 17:39:51,937738231759736832,integr mean allow refuge migrant paicip fulli life societi welcom
2017-12-04 17:39:34,937738162637623297,pictur pope franci ordain 16 men priesthood bangladesh
2017-12-04 17:38:55,937737998355005440,wait perfect answer vocat call pope franci said messag world day prayer voca
2017-12-04 17:38:52,937737985709264896,friday last full day pope franci trip spoke rohingya refuge one one
2017-12-04 17:38:43,937737948107329537,anglican wimp man read pope address roman curia treat peopl
2017-12-04 17:38:32,937737900703211527,pope franci reach ethic limit nuclear weapon via
2017-12-04 17:38:28,937737884605603840,cardin evolv beyond state right wrong thank pope franci comment
2017-12-04 17:38:10,937737808093073414,pretti sure take new pope name relinquish entir prev
2017-12-04 17:38:02,937737772936306688,full text pope franci flight press confer bangladesh via
2017-12-04 17:37:36,937737665990012928,pope franci elev communion adulter authent magisterium
2017-12-04 17:37:23,937737611166273536,impoant pope franci gave author authent magisterium letter argentinian bishop
2017-12-04 17:36:54,937737491335057408,pope franci
2017-12-04 17:36:32,937737397332299777,hope never disappoint optim disappoint hope pope franci
2017-12-04 17:35:50,937737220030640129,pope franci elev communion adulter authent magisterium
2017-12-04 17:35:13,937737067475345408,pope franci write dut column today rappler
2017-12-04 17:34:55,937736992082849794,impoant pope franci gave author authent magisterium letter argentinian bishop
2017-12-04 17:34:45,937736948831195136,integr mean allow refuge migrant paicip fulli life societi welcom
2017-12-04 17:34:07,937736788101160960,impoant pope franci gave author authent magisterium letter argentinian bishop
2017-12-04 17:34:01,937736764336242689,pope franci deserv
2017-12-04 17:33:59,937736756559937536,pope franci visit myanmar bangladesh display disappoint lack moral courag
2017-12-04 17:33:51,937736723299225600,wait perfect answer vocat call pope franci said messag world day prayer voca
2017-12-04 17:33:23,937736606118588416,impoant pope franci gave author authent magisterium letter argentinian bishop
2017-12-04 17:33:06,937736533221756928,cardin blase cupich high respect chicago everyon catholi
2017-12-04 17:32:57,937736493979668480,integr mean allow refuge migrant paicip fulli life societi welcom
2017-12-04 17:32:32,937736392653844480,impoant pope franci gave author authent magisterium letter argentinian bishop
2017-12-04 17:32:25,937736362496753665,adonai god like priest geoff put hell pope franci
2017-12-04 17:31:46,937736198423969792,best pictur pope franci trip burma
2017-12-04 17:31:36,937736154706776066,integr mean allow refuge migrant paicip fulli life societi welcom
2017-12-04 17:30:52,937735972850159616,watch dr franci pope tonight 6pm discuss health implic pollut cyc
2017-12-04 17:30:40,937735921411096576,listen discern live call lord titl pope franci messag 2018 world day htt
2017-12-04 17:30:30,937735877635092481,wait perfect answer vocat call pope franci said messag world day prayer voca
2017-12-04 17:30:23,937735850301026304,integr mean allow refuge migrant paicip fulli life societi welcom
2017-12-04 17:30:21,937735843158032384,pope franci demot jesus christ third claim mari sourc hope
2017-12-04 17:30:19,937735830906347520,reach limit nuclear arm say pope franci must go back
2017-12-04 17:30:06,937735779903787008,pope franci elev communion adulter authent magisterium
2017-12-04 17:28:25,937735355230539776,pope franci prayer intent decemb elder rv
2017-12-04 17:27:59,937735246711209984,almost predecessor pope franci word action close align christ yet
2017-12-04 17:27:48,937735198007062528,pope franci elev communion adulter authent magisterium
2017-12-04 17:27:09,937735034114662401,watch dr franci pope tonight 6pm discuss health implic pollut cyc
2017-12-04 17:26:07,937734775074316288,hear religi right like pope franci understand unlik pope spoke judg
2017-12-04 17:25:54,937734722142294018,pope franci prayer intent decemb elder rv
2017-12-04 17:25:49,937734699270721536,pope franci focus bangladesh visit plight refuge
2017-12-04 17:25:47,937734691632877570,pope franci prayer intent decemb elder rv
2017-12-04 17:25:35,937734640957317125,wait perfect answer vocat call pope franci said messag world day prayer voca
2017-12-04 17:25:24,937734593674964992,virgin pope franci vs chad mapuch
2017-12-04 17:25:13,937734548837814273,pope franci warn peopl take care grandpar futur new video th https
2017-12-04 17:25:05,937734514033360897,pope franci share respons welcom amp protect decent shelter respect digniti amp p
2017-12-04 17:25:02,937734504621453315,pope concern muslim christian surpris discuss mohammedkoran va
2017-12-04 17:25:00,937734495867768832,might popular make power player foreign affair argu
2017-12-04 17:24:51,937734456768569344,pope franci ask rohingya peopl forgiv
2017-12-04 17:24:08,937734278556856320,download prayer mother teresa padr pio pope franci click https
2017-12-04 17:23:46,937734186475098112,hear religi right like pope franci understand unlik pope spoke judg
2017-12-04 17:23:20,937734073577099264,popeinbangladesh pope franci visit hous teresa inform
2017-12-04 17:23:15,937734053746434048,wait perfect answer vocat call pope franci said messag world day prayer voca
2017-12-04 17:21:37,937733642364837888,4 year ago today interview news pope franci graphic made look like new pope http
2017-12-04 17:21:30,937733614292348928,power voic nuclear disarma pope becom
2017-12-04 17:21:04,937733504787533824,wait perfect answer vocat call pope franci said messag world day prayer vocat
2017-12-04 17:21:01,937733491902550021,wait perfect answer vocat call pope franci said messag world day prayer voca
2017-12-04 17:20:49,937733443743637504,visit bangladesh past weekend pope franci met 16 rohingya refuge listen one stori h
2017-12-04 17:20:24,937733338936340481,almost predecessor pope franci word action close align christ yet
2017-12-04 17:20:06,937733261878611968,holi father vatican citi pope franci accept resign bishop robe ellison appo
2017-12-04 17:20:04,937733252105809920,pope franci elev communion adulter authent magisterium walkforlifeph
2017-12-04 17:19:59,937733233990623234,pictur pope franci ordain 16 men priesthood bangladesh
2017-12-04 17:19:53,937733207486816257,impoant pope franci gave author authent magisterium letter argentinian bishop
2017-12-04 17:18:57,937732971016093703,impoant pope franci gave author authent magisterium letter argentinian bishop
2017-12-04 17:18:40,937732901331877888,pope franci elev communion adulter authent magisterium
2017-12-04 17:17:48,937732683765092352,pope franci declar god via
2017-12-04 17:17:44,937732666341974018,pope franci prayer intent decemb 2017
2017-12-04 17:17:25,937732584787677184,hear religi right like pope franci understand unlik pope spoke judg
2017-12-04 17:17:11,937732526076022789,pope franci bangladesh reduc royingha religion
2017-12-04 17:16:39,937732391715594240,visit bangladesh past weekend pope franci met 16 rohingya refuge listen one stori h
2017-12-04 17:16:38,937732388427362305,watch dr franci pope tonight 6pm discuss health implic pollut
2017-12-04 17:16:29,937732353673248768,pope franci visit myanmar bangladesh display disappoint lack moral courag
2017-12-04 17:16:16,937732297977147392,pope franci prayer intent letthemshin
2017-12-04 17:16:00,937732230771744768,hear religi right like pope franci understand unlik pope spoke judg
2017-12-04 17:15:35,937732126405005313,pope franci explain use word rohingya myanmar
2017-12-04 17:15:21,937732065491070976,grate beacon hope global stage everi singl day faith becom tangibl find ex
2017-12-04 17:15:14,937732035921219584,pope franci elev communion adulter authent magisterium
2017-12-04 17:14:46,937731919160184832,hear religi right like pope franci understand unlik pope spoke judg
2017-12-04 17:14:43,937731905260224512,wish holi father pope franci win one copi book simpl reason
2017-12-04 17:14:10,937731768370782208,hear religi right like pope franci understand unlik pope spoke judg
2017-12-04 17:13:09,937731513159909376,pope franci elev communion adulter authent magisterium
2017-12-04 17:12:58,937731465613336578,pope franci call mother signific forc heal broken cultur givethelov help inspir mother
2017-12-04 17:12:51,937731436861378560,motherhood world greatest antidot selfish pope franci truth love cathol
2017-12-04 17:12:50,937731431773609984,pope franci follow koran holi bibl littl
2017-12-04 17:12:30,937731350303518720,pope franci call nation sunday law via
2017-12-04 17:12:03,937731237065699330,hear religi right like pope franci understand unlik pope spoke judg
2017-12-04 17:12:01,937731229348237318,wonder pictur pope franci kiss consecr hand new priest ordain bangladesh
2017-12-04 17:11:54,937731197786083330,pope franci run benedict xvi prophet moham show everyon voic
2017-12-04 17:11:43,937731150159650816,nov 16th messag minist loui farrakhan address pope franci cathol pedophilia suppos told tha
2017-12-04 17:11:17,937731043250946048,pope franci releas messag 2018 world day vocat vatican radio
2017-12-04 17:11:08,937731006827827203,congratul prayer go fr mario albeo avil name first auxiliari bishop
2017-12-04 17:10:30,937730846928326657,friday last full day pope franci trip spoke rohingya refuge one one
2017-12-04 17:10:11,937730767748075520,almost predecessor pope franci word action close align christ yet
2017-12-04 17:10:02,937730728846155777,pope franci elev communion adulter authent magisterium
2017-12-04 17:09:56,937730705076842496,pope concern muslim christian surpris discuss mohammedkoran va
2017-12-04 17:09:55,937730700622598144,look like trump one hold back nwo pope franci world govern must rule u
2017-12-04 17:09:53,937730692649291776,almost predecessor pope franci word action close align christ
2017-12-04 17:09:26,937730579164000256,pope franci prayer intent decemb elder rv
2017-12-04 17:08:45,937730406383833089,wonder action love pope franci main luther
2017-12-04 17:08:25,937730320723570688,full text pope franci flight press confer bangladesh
2017-12-04 17:08:21,937730306584469507,wrote big bird matt lauer pope franci adel
2017-12-04 17:08:21,937730304252444672,new video vatican pope franci prayer intent decemb 2017
2017-12-04 17:08:18,937730290478387201,first admit sinner okay second pope franci beat punch
2017-12-04 17:07:56,937730201475305473,thank god bless virgen holi pope franci appoint father mario avilé co pastor sacr
2017-12-04 17:06:06,937729737354502149,pope franci releas messag 2018 world day vocat rv
2017-12-04 17:04:56,937729446156566529,pictur pope franci ordain 16 men priesthood bangladesh
2017-12-04 17:04:24,937729310189764608,pope franci write dut column today rappler
2017-12-04 17:03:49,937729164521627648,friday last full day pope franci trip spoke rohingya refuge one one
2017-12-04 17:01:39,937728617240547333,pope franci wrap asia tour meet rohingya
2017-12-04 17:01:09,937728491595976706,hear religi right like pope franci understand unlik pope spoke judg
2017-12-04 17:01:06,937728480401350659,pictur pope franci ordain 16 men priesthood bangladesh
2017-12-04 17:00:07,937728233554038785,friday last full day pope franci trip spoke rohingya refuge one one
2017-12-04 17:00:06,937728229103886337,pope franci focus bangladesh visit plight refuge theremn
2017-12-04 17:00:06,937728228743106560,pope franci saturday defend strategi avoid term rohingya myanmar say believ
2017-12-04 16:59:45,937728141132550144,hear religi right like pope franci understand unlik pope spoke judg
2017-12-04 16:59:28,937728067216265218,pope concern muslim christian surpris discuss mohammedkoran va
2017-12-04 16:59:02,937727960697667584,thank god bless virgen holi pope franci appoint father mario avilé co pastor sacr
2017-12-04 16:58:40,937727866711822339,hear religi right like pope franci understand unlik pope spoke judg
2017-12-04 16:58:31,937727831135739904,firm believ karma think situat attract life suppos huge lear
2017-12-04 16:58:10,937727740488355841,conserv say al amp offici interpret contradict previous infal teach igno
2017-12-04 16:58:09,937727737506144256,protect duti recogn defend inviol digniti flee real danger sear
2017-12-04 16:57:54,937727674256109568,pope formal establish argentina bishop teach communion divorc remarri cathol pa
2017-12-04 16:55:37,937727100991229954,pope formal establish argentina bishop teach communion divorc remarri cathol pa
2017-12-04 16:55:34,937727087195983873,pope franci explain use word rohingya myanmar
2017-12-04 16:55:13,937726999958712320,pope franci explain use word rohingya myanmar
2017-12-04 16:54:19,937726772350783488,pope concern muslim christian surpris discuss mohammedkoran va
2017-12-04 16:54:18,937726770081685505,pope franci ordain 16 men priesthood holi famili antidot individu
2017-12-04 16:54:16,937726762191958016,promot entail suppo integr human develop migrant refuge would stress impoanc
2017-12-04 16:54:00,937726695381061632,cathol pope franci ask minion stay polit
2017-12-04 16:53:20,937726526900002816,hear religi right like pope franci understand unlik pope spoke judg
2017-12-04 16:53:12,937726491424690182,never conjunct bless joy courag foitud face resist heresi hereti
2017-12-04 16:53:09,937726477851697152,pope franci bangladesh
2017-12-04 16:52:57,937726428191137792,listen discern live call lord titl pope franci messag 2018 world day
2017-12-04 16:52:52,937726410164264960,pope franci focus bangladesh visit plight refuge edward pentin dhaka
2017-12-04 16:52:05,937726210985091072,pope franci demand decis measur resolv mass exodus rohingya muslim pray rosari
2017-12-04 16:51:57,937726179423014913,watch dr franci pope tonight 6pm discuss health implic pollutan
2017-12-04 16:51:57,937726179364298752,watch dr franci pope tonight 6pm discuss health implic pollutan
2017-12-04 16:51:36,937726091229302784,pope concern muslim christian surpris discuss mohammedkoran va
2017-12-04 16:51:33,937726078872731650,hear religi right like pope franci understand unlik pope spoke judg
2017-12-04 16:51:03,937725950632038400,pope franci christian stop gossip pontiff warn
2017-12-04 16:50:27,937725801700777984,12 time pope franci open promot one world religion new world order followthewhiterabbit
2017-12-04 16:50:24,937725786311876608,thank god bless virgen holi pope franci appoint father mario avilé co pastor sacr
2017-12-04 16:50:20,937725771476537344,pope defend myanmar diplomaci negoti truth pray rosari advent
2017-12-04 16:50:16,937725754476859392,pope concern muslim christian surpris discuss mohammedkoran va
2017-12-04 16:49:31,937725567121723392,visit bangladesh past weekend pope franci met 16 rohingya refuge listen one
2017-12-04 16:48:58,937725427979898881,wait perfect answer vocat call pope franci said messag world day pray
2017-12-04 16:48:58,937725427686178817,wait perfect answer vocat call pope franci said messag world day pray
2017-12-04 16:47:50,937725142767042560,hear religi right like pope franci understand unlik pope spoke judg
2017-12-04 16:47:44,937725114724085762,pope franci prayer intent decemb 2017
2017-12-04 16:47:39,937725097111982081,rohingya challeng pope franci silenc myanmar
2017-12-04 16:47:33,937725069144535040,4 year ago today interview news pope franci graphic made look like new pope http
2017-12-04 16:47:31,937725061242544128,said pope franci made moral amp polit miscalcul use term rohingya myanmar
2017-12-04 16:47:00,937724933534253056,pope franci urg visit troubl south sudan make donat
2017-12-04 16:46:52,937724897912131584,fix gaze holi famili nazareth forc becom refuge let us think tragedi
2017-12-04 16:46:27,937724795218808832,hear religi right like pope franci understand unlik pope spoke judg
2017-12-04 16:45:20,937724512669454336,p franci anti christ oppos doctrin jesus bewar fals prophet
2017-12-04 16:45:15,937724492385841153,pope franci bangladesh_don reduc rohingya religion franc 24 english
2017-12-04 16:45:07,937724457115947008,pope franci prayer intent decemb elder rv
2017-12-04 16:44:13,937724230174638080,hear religi right like pope franci understand unlik pope spoke judg
2017-12-04 16:43:57,937724166374961152,hear religi right like pope franci understand unlik pope spoke judg
2017-12-04 16:43:48,937724124851523584,pope franci prophesi fals prophet revel 13 sadhu su
2017-12-04 16:43:24,937724024792211456,like video pope franci prayer intent decemb 2017
2017-12-04 16:42:12,937723723964141569,pope concern muslim christian surpris discuss mohammedkoran va
2017-12-04 16:42:11,937723718238957572,sad day pope heret
2017-12-04 16:42:01,937723676098748416,pope franci visit myanmar bangladesh display disappoint lack moral courag
2017-12-04 16:41:49,937723628166119424,hear religi right like pope franci understand unlik pope spoke judg
2017-12-04 16:41:02,937723431251881984,hear religi right like pope franci understand unlik pope spoke judg
2017-12-04 16:40:55,937723400730095616,pope franci follow strong vatican speech last month continu challeng deterr possess nuclea
2017-12-04 16:40:15,937723232496517120,hear religi right like pope franci understand unlik pope spoke judg
2017-12-04 16:40:07,937723198472425476,hear religi right like pope franci understand unlik pope spoke judg
2017-12-04 16:39:21,937723005496643584,puppet franci 1st jesuit pope jesuit mason order
2017-12-04 16:39:17,937722988354592768,pope franci focus bangladesh visit plight refuge
2017-12-04 16:39:05,937722939398647808,child digniti digit world eie presid donna rice hugh paicip one 150 world leader
2017-12-04 16:39:00,937722919467278336,child digniti digit world eie presid donna rice hugh paicip one 150 world leader
2017-12-04 16:38:50,937722876957827072,hear religi right like pope franci understand unlik pope spoke judg
2017-12-04 16:38:15,937722727804186624,hear religi right like pope franci understand unlik pope spoke judg
2017-12-04 16:37:56,937722651077959680,hear religi right like pope franci understand unlik pope spoke judg
2017-12-04 16:37:28,937722534623096833,pope concern muslim christian surpris discuss mohammedkoran va
2017-12-04 16:37:22,937722506592571392,need strengthen convict one singl human famili pope franci laudato si
2017-12-04 16:37:14,937722474925559808,hear religi right like pope franci understand unlik pope spoke judg
2017-12-04 16:36:42,937722338526875652,hear religi right like pope franci understand unlik pope spoke judg
2017-12-04 16:36:35,937722308357013504,asia australia edit rex tillerson pope franci noh korea friday brief
2017-12-04 16:36:20,937722249192394752,conserv say al amp offici interpret contradict previous infal teach igno
2017-12-04 16:36:10,937722205269577734,pope franci focus bangladesh visit plight refuge nation cathol regist
2017-12-04 16:36:05,937722185111785472,pope franci end asia tour meet rohingya
2017-12-04 16:35:04,937721926830637057,pope franci visit myanmar bangladesh display disappoint lack moral courag
2017-12-04 16:34:50,937721868257079296,appeal peac disarma world wound violenc need fratern among peopl pope franci
2017-12-04 16:34:41,937721831418712065,visit pope franci tejgaon mother theresa hous dhaka bangladesh 2 decemb
2017-12-04 16:34:34,937721802712809472,virgin pope franci vs chad mapuch
2017-12-04 16:34:23,937721758160785408,pope franci visit myanmar bangladesh display disappoint lack moral courag
2017-12-04 16:34:21,937721746911764480,hear religi right like pope franci understand unlik pope spoke judg
2017-12-04 16:33:32,937721540812197888,conserv say al amp offici interpret contradict previous infal teach igno
2017-12-04 16:33:19,937721487884251136,hear religi right like pope franci understand unlik pope spoke judg
2017-12-04 16:32:42,937721335119339520,hear religi right like pope franci understand unlik pope spoke judg
2017-12-04 16:32:03,937721170031411202,pope franci seek forgiv rohingya interfaith meet dhaka
2017-12-04 16:32:03,937721167636586498,grate beacon hope global stage everi singl day faith becom tangibl find ex
2017-12-04 16:31:46,937721099319734272,hear religi right like pope franci understand unlik pope spoke judg
2017-12-04 16:31:41,937721078830465024,church south sudan still want pope franci visit
2017-12-04 16:31:39,937721067107368960,pope franci prayer intent decemb elder rv
2017-12-04 16:31:32,937721039500578817,retweet pope franci faith becom tangibl find express love especi
2017-12-04 16:31:20,937720988980170754,hear religi right like pope franci understand unlik pope spoke judg
2017-12-04 16:31:17,937720976153956352,pope franci christian stop gossip pontiff warn
2017-12-04 16:31:13,937720961339740161,pope franci warn terror gossip end
2017-12-04 16:31:10,937720945266933760,hear religi right like pope franci understand unlik pope spoke judg
2017-12-04 16:30:34,937720797132656640,pope franci berni sander spot polit storm
2017-12-04 16:30:30,937720779206283264,pope franci visit myanmar bangladesh display disappoint lack moral courag
2017-12-04 16:29:49,937720605666955264,hear religi right like pope franci understand unlik pope spoke judg
2017-12-04 16:29:45,937720588843577344,hear religi right like pope franci understand unlik pope spoke judg
2017-12-04 16:29:25,937720506559500288,pope concern muslim christian surpris discuss mohammedkoran va
2017-12-04 16:29:08,937720437194264581,pope franci speak weekend subject nuclear disarma limit liceiti use n
2017-12-04 16:29:07,937720431380959234,hear religi right like pope franci understand unlik pope spoke judg
2017-12-04 16:28:59,937720398107594752,pope franci seek forgiv rohingya interfaith meet dhaka
2017-12-04 16:28:31,937720281229086721,pope franci releas messag 2018 world day vocat
2017-12-04 16:27:46,937720092925685760,hear religi right like pope franci understand unlik pope spoke judg
2017-12-04 16:27:30,937720024768401408,pope franci prayer intent decemb 2017
2017-12-04 16:27:08,937719932149731328,hear religi right like pope franci understand unlik pope spoke
2017-12-04 16:25:28,937719514589904896,condemn reign senseless brutal hindus bangladesh masscr buddhist hindus myanmar p
2017-12-04 16:25:22,937719488258166787,spanish cou clear priest abus case taken pope franci
2017-12-04 16:24:48,937719345496707072,pope concern muslim christian surpris discuss mohammedkoran va
2017-12-04 16:24:31,937719275254624258,pope franci said nuclear arm race becom irrat immor
2017-12-04 16:23:17,937718964683198464,wonder pictur pope franci kiss consecr hand new priest ordain bangladesh
2017-12-04 16:22:45,937718830976999426,pope franci societi must live rape terror migrant
2017-12-04 16:22:45,937718830423592960,pope franci punt
2017-12-04 16:22:42,937718815089143808,pope franci societi must live rape terror migrant
2017-12-04 16:21:30,937718515460726784,pope concern muslim christian surpris discuss mohammedkoran va
2017-12-04 16:21:28,937718504169537536,check pope franci 2015 philadelphia visit shi men xl new tag popefr tshi philadelphia
2017-12-04 16:20:58,937718380508995584,pope franci say mere possess nuclear weapon irrat via
2017-12-04 16:20:57,937718376490766337,22 bishop myanmar overwhelm buddhist nation cathol repres 1 popul lest
2017-12-04 16:20:55,937718369167474690,rout popefr visit peru argentina 2018
2017-12-04 16:20:42,937718311650856960,pope franci seek forgiv rohingya interfaith meet dhaka
2017-12-04 16:20:36,937718289547001856,pope franci faith becom tangibl find express love especi servic br
2017-12-04 16:20:32,937718271570214914,thank god hrc get elect slick willi back
2017-12-04 16:20:11,937718184211226625,vatican advis pope franci claim republican face consequ tax reform redpil goldwat https
2017-12-04 16:20:04,937718154297466880,pope franci releas messag 2018 world day vocat vatican radio
2017-12-04 16:19:48,937718088702857216,win win negoti strategi rebuild relationship
2017-12-04 16:19:15,937717949976195072,agre pope franci via
2017-12-04 16:19:12,937717936298647552,pope concern muslim christian surpris discuss mohammedkoran va
2017-12-04 16:18:58,937717878169788416,appear pope franci letter argentin bishop acta apostolica sedi
2017-12-04 16:18:11,937717680349384706,pope franci berni sander spot polit storm
2017-12-04 16:18:05,937717656282632192,like video pope franci meet rohingya muslim bangladesh
2017-12-04 16:18:00,937717631997693952,pope concern muslim christian surpris discuss mohammedkoran va
2017-12-04 16:17:18,937717459569610752,dictat pope mysteri new book look behind mask franci onepeterf
